,key,fare_amount,pickup_datetime,pickup_longitude,pickup_latitude,dropoff_longitude,dropoff_latitude,passenger_count,distance,weekday,rush_hour,weekend,day_night
0,2009-06-15 17:26:21.000000100,4.5,2009-06-15 17:26:21+00:00,-73.844311,40.721319,-73.84161,40.712278000000005,1,0.25604295659196763,0,1,0,1
1,2010-01-05 16:52:16.000000200,16.9,2010-01-05 16:52:16+00:00,-74.016048,40.711303,-73.979268,40.782004,1,2.8870329826173156,1,1,0,1
2,2011-08-18 00:35:00.000000490,5.7,2011-08-18 00:35:00+00:00,-73.982738,40.76127,-73.991242,40.750562,2,0.6243519292949057,3,0,0,0
3,2012-04-21 04:30:42.000000100,7.7,2012-04-21 04:30:42+00:00,-73.98713000000001,40.733143,-73.991567,40.758092,1,0.5680288216610228,5,0,1,0
4,2010-03-09 07:51:00.000000135,5.3,2010-03-09 07:51:00+00:00,-73.96809499999999,40.768008,-73.956655,40.783762,1,0.8488946997737271,1,1,0,1
5,2011-01-06 09:50:45.000000200,12.1,2011-01-06 09:50:45+00:00,-74.000964,40.731629999999996,-73.972892,40.758233000000004,1,2.0122846667873224,3,1,0,1
6,2012-11-20 20:35:00.000000100,7.5,2012-11-20 20:35:00+00:00,-73.980002,40.751661999999996,-73.973802,40.764842,1,0.49859077851607947,1,0,0,0
7,2012-01-04 17:22:00.000000810,16.5,2012-01-04 17:22:00+00:00,-73.9513,40.774138,-73.990095,40.751048,1,2.7265603037021564,2,1,0,1
8,2012-12-03 13:10:00.000000125,9.0,2012-12-03 13:10:00+00:00,-74.006462,40.726713000000004,-73.993078,40.731628,1,0.9329302840607812,0,0,0,1
9,2009-09-02 01:11:00.000000830,8.9,2009-09-02 01:11:00+00:00,-73.98065799999999,40.733872999999996,-73.99154,40.758138,2,0.8861448517871101,2,0,0,0
10,2012-04-08 07:30:50.000000200,5.3,2012-04-08 07:30:50+00:00,-73.996335,40.737142,-73.980721,40.733559,1,1.0850012189203087,6,1,1,1
11,2012-12-24 11:24:00.000000980,5.5,2012-12-24 11:24:00+00:00,0.0,0.0,0.0,0.0,3,0.0,0,0,0,1
12,2009-11-06 01:04:03.000000200,4.1,2009-11-06 01:04:03+00:00,-73.991601,40.744712,-73.983081,40.744682,2,0.5908628525107672,4,0,0,0
13,2013-07-02 19:54:00.000000232,7.0,2013-07-02 19:54:00+00:00,-74.00536,40.728867,-74.008913,40.710907,1,0.422606838601267,1,1,0,0
14,2011-04-05 17:11:05.000000100,7.7,2011-04-05 17:11:05+00:00,-74.00182099999999,40.737547,-73.99806,40.722788,2,0.3843267951067787,1,1,0,1
15,2013-11-23 12:57:00.000000190,5.0,2013-11-23 12:57:00+00:00,0.0,0.0,0.0,0.0,1,0.0,5,0,1,1
16,2014-02-19 07:22:00.000000740,12.5,2014-02-19 07:22:00+00:00,-73.98643,40.760465,-73.98899,40.737075,1,0.4815929484595162,2,1,0,1
17,2009-07-22 16:08:00.000000163,5.3,2009-07-22 16:08:00+00:00,-73.98106,40.73769,-73.99417700000001,40.728412,1,0.9268355256100155,2,1,0,1
18,2010-07-07 14:52:00.000000440,5.3,2010-07-07 14:52:00+00:00,-73.969505,40.784843,-73.958732,40.783357,1,0.7476493725498594,2,0,0,1
19,2014-12-06 20:36:22.000000800,4.0,2014-12-06 20:36:22+00:00,-73.979815,40.751902,-73.979446,40.755481,1,0.07315593739688236,5,0,1,0
20,2010-09-07 13:18:00.000000175,10.5,2010-09-07 13:18:00+00:00,-73.985382,40.747858,-73.97837700000001,40.76207,1,0.5568137132236641,1,0,0,1
21,2013-02-12 12:15:46.000000200,11.5,2013-02-12 12:15:46+00:00,-73.957954,40.779252,-73.96125,40.758787,1,0.4540863792513258,1,0,0,1
22,2009-08-06 18:17:23.000000100,4.5,2009-08-06 18:17:23+00:00,-73.99170699999999,40.770505,-73.98545899999999,40.763671,1,0.4526091561926901,3,1,0,1
23,2010-12-06 12:29:00.000000199,4.9,2010-12-06 12:29:00+00:00,-74.000632,40.747473,-73.986672,40.740577,1,0.9770766269690577,0,0,0,1
24,2009-12-10 15:37:00.000000200,6.1,2009-12-10 15:37:00+00:00,-73.969622,40.756972999999995,-73.98115200000001,40.759712,1,0.8013245832509347,3,0,0,1
25,2011-06-21 16:15:00.000000730,7.3,2011-06-21 16:15:00+00:00,-73.991875,40.754437,-73.97723,40.774322999999995,3,1.084632002674492,1,1,0,1
26,2011-02-07 20:01:00.000000114,6.5,2011-02-07 20:01:00+00:00,0.0,0.0,0.0,0.0,1,0.0,0,0,0,0
27,2011-06-28 19:47:00.000000168,4.5,2011-06-28 19:47:00+00:00,-73.988893,40.76016,-73.98644499999999,40.757857,3,0.17539789711954193,1,1,0,0
28,2012-05-04 06:11:20.000000200,9.3,2012-05-04 06:11:20+00:00,-73.98925799999999,40.690835,-74.004133,40.72569,1,1.2282969651948898,4,0,0,1
29,2013-08-11 00:52:00.000000260,4.5,2013-08-11 00:52:00+00:00,-73.98102,40.737759999999994,-73.98066800000001,40.730497,2,0.1411950037550603,6,0,1,0
30,2014-02-19 16:03:00.000000160,5.5,2014-02-19 16:03:00+00:00,-73.976075,40.752421999999996,-73.981082,40.759285,1,0.37127586516098404,2,1,0,1
31,2015-06-21 21:46:34.000000100,22.54,2015-06-21 21:46:34+00:00,-74.01048278808595,40.71766662597656,-73.98577117919923,40.66036605834961,1,2.03425598256556,6,0,1,0
32,2009-01-09 16:10:00.000000170,31.9,2009-01-09 16:10:00+00:00,-73.87302700000001,40.773883000000005,-73.984545,40.769545,3,7.734187228470877,4,1,0,1
33,2011-09-07 14:05:00.000000194,5.7,2011-09-07 14:05:00+00:00,-73.976162,40.744988,-73.990002,40.738323,2,0.9682493626569622,2,0,0,1
34,2011-09-07 23:05:44.000000100,18.1,2011-09-07 23:05:44+00:00,-73.993717,40.740784999999995,-73.99927199999999,40.676617,1,1.2865255036419678,2,0,0,0
35,2015-01-11 03:15:38.000000100,58.0,2015-01-11 03:15:38+00:00,-73.98332977294923,40.73871994018555,-73.93319702148438,40.84722518920898,1,4.051635971323513,6,0,1,0
36,2015-03-12 08:08:38.000000100,4.5,2015-03-12 08:08:38+00:00,-73.99017333984375,40.756446838378906,-73.9856185913086,40.7628288269043,1,0.3386667076633098,3,1,0,1
37,2012-01-19 10:15:30.000000200,5.3,2012-01-19 10:15:30+00:00,-73.995199,40.754740000000005,-74.005416,40.751084000000006,1,0.7119920725837079,3,0,0,1
38,2013-11-24 11:42:00.000000113,9.0,2013-11-24 11:42:00+00:00,-73.95774,40.773617,-73.977087,40.758465,6,1.3727722805434597,6,0,1,1
39,2009-03-02 20:42:49.000000300,9.8,2009-03-02 20:42:49+00:00,-73.972673,40.759186,-73.969897,40.791367,1,0.6459031032201712,0,0,0,0
40,2011-03-29 15:39:49.000000200,8.1,2011-03-29 15:39:49+00:00,-73.984267,40.744960999999996,-73.981646,40.759608,1,0.3341758925738798,1,0,0,1
41,2011-10-15 10:55:24.000000400,10.9,2011-10-15 10:55:24+00:00,-74.003899,40.725514000000004,-73.976484,40.765537,2,2.0497072315793075,5,0,1,1
42,2013-11-22 08:38:09.000000300,17.5,2013-11-22 08:38:09+00:00,-73.97845,40.76292,-74.008482,40.716502,1,2.264171262498593,4,1,0,1
43,2009-06-10 21:28:00.000000220,12.1,2009-06-10 21:28:00+00:00,-73.988558,40.7372,-73.958688,40.780747999999996,1,2.2331460199284527,2,0,0,0
44,2011-03-04 18:12:00.000000250,5.3,2011-03-04 18:12:00+00:00,-73.997037,40.737095000000004,-73.98612800000001,40.735043,1,0.7575584490777575,4,1,0,1
45,2011-08-31 21:14:15.000000300,6.9,2011-08-31 21:14:15+00:00,-73.971114,40.758944,-73.97793,40.736613,1,0.6374983669093996,2,0,0,0
46,2011-06-01 20:30:00.000000119,4.5,2011-06-01 20:30:00+00:00,-73.980822,40.74442,-73.991093,40.748796999999996,1,0.7172049556283479,2,0,0,0
47,2011-12-14 07:53:00.000000280,3.3,2011-12-14 07:53:00+00:00,-73.988877,40.763577000000005,-73.985573,40.760262,1,0.23775534768412568,2,1,0,1
48,2012-07-18 00:16:00.000000830,3.3,2012-07-18 00:16:00+00:00,-73.98666,40.756071999999996,-73.989727,40.751702,5,0.22855000632523775,2,0,0,0
49,2013-01-29 12:26:00.000000154,9.0,2013-01-29 12:26:00+00:00,-73.992253,40.742657,-73.983597,40.755947,1,0.651960890291376,1,0,0,1
50,2011-12-06 09:09:21.000000700,9.7,2011-12-06 09:09:21+00:00,-73.985582,40.739765000000006,-73.973899,40.760426,1,0.901652340865594,1,1,0,1
51,2012-10-06 20:31:36.000000300,5.5,2012-10-06 20:31:36+00:00,-73.952825,40.772048,-73.95219399999999,40.781152,3,0.18001915295830964,5,0,1,0
52,2013-01-23 07:01:38.000000500,8.0,2013-01-23 07:01:38+00:00,-73.980298,40.783722999999995,-73.979628,40.763179,1,0.39612320177592375,2,1,0,1
53,2013-09-07 03:17:00.000000140,7.5,2013-09-07 03:17:00+00:00,-73.97770799999999,40.746212,-73.975782,40.745055,1,0.1353937553337149,5,0,1,0
54,2013-11-10 01:12:19.000000200,25.5,2013-11-10 01:12:19+00:00,-73.974497,40.751603,-73.934927,40.851566999999996,4,3.3475034974867266,6,0,1,0
55,2012-01-04 18:07:29.000000200,15.3,2012-01-04 18:07:29+00:00,-73.97151,40.755886,-73.968067,40.801173,1,0.899970571058796,2,1,0,1
56,2010-05-31 18:06:00.000000970,34.67,2010-05-31 18:06:00+00:00,-73.985427,40.758853,-73.872907,40.774497,1,7.809010323501464,0,1,0,1
57,2011-03-19 21:55:00.000000900,9.7,2011-03-19 21:55:00+00:00,-73.97954200000001,40.727498,-73.999315,40.730088,4,1.3721546823829591,5,0,1,0
58,2012-07-19 23:53:14.000000200,13.7,2012-07-19 23:53:14+00:00,-74.002113,40.739582,-73.971918,40.791899,2,2.321137171706851,3,0,0,0
59,2009-03-23 12:13:29.000000200,6.5,2009-03-23 12:13:29+00:00,-73.98543000000001,40.736011,-73.982501,40.724802000000004,1,0.2954771352028536,0,0,0,1
60,2014-07-16 10:57:00.000000690,5.0,2014-07-16 10:57:00+00:00,-73.996148,40.741890000000005,-73.992202,40.739425,6,0.2776895194261439,2,0,0,1
61,2011-04-22 23:21:03.000000200,4.5,2011-04-22 23:21:03+00:00,-74.009137,40.713436,-74.00282299999999,40.723428000000006,3,0.4777330922385235,4,0,0,0
62,2012-01-02 14:54:00.000000780,4.9,2012-01-02 14:54:00+00:00,-74.003985,40.731677000000005,-73.999765,40.723512,1,0.331705056674731,0,0,0,1
63,2014-05-01 09:12:00.000000198,7.0,2014-05-01 09:12:00+00:00,-73.96620300000001,40.7675,-73.980915,40.77424,6,1.0284136969823614,3,1,0,1
64,2011-11-07 10:47:40.000000300,7.3,2011-11-07 10:47:40+00:00,-74.003919,40.753019,-73.992368,40.735362,1,0.8693482216640575,0,0,0,1
65,2012-10-07 17:59:08.000000300,7.5,2012-10-07 17:59:08+00:00,-74.004736,40.715882,-74.017723,40.705141,1,0.9237502147011164,6,1,1,1
66,2014-01-17 09:03:00.000000187,8.5,2014-01-17 09:03:00+00:00,-73.991467,40.750575,-73.98575,40.741547,4,0.4324879056685931,4,1,0,1
67,2014-04-29 18:28:00.000000500,16.5,2014-04-29 18:28:00+00:00,-73.970323,40.750840000000004,-73.99839200000001,40.724862,6,2.0091080943801054,1,1,0,1
68,2015-04-12 10:19:05.000000100,11.5,2015-04-12 10:19:05+00:00,-73.97927856445312,40.72343826293945,-74.00460815429686,40.7469482421875,6,1.8132971796929163,6,0,1,1
69,2015-05-12 23:51:42.000000700,5.0,2015-05-12 23:51:42+00:00,-73.95479583740234,40.779335021972656,-73.94493103027344,40.780086517333984,1,0.6842745182946671,1,0,0,0
70,2009-08-02 02:34:11.000000200,6.9,2009-08-02 02:34:11+00:00,-73.99578100000001,40.723411,-74.005004,40.71895,2,0.6452813300444628,6,0,1,0
71,2010-01-31 10:53:00.000000100,3.7,2010-01-31 10:53:00+00:00,-74.00163,40.730767,-73.997112,40.737533,1,0.3389955246843342,6,0,1,1
72,2010-05-14 08:09:00.000000210,6.9,2010-05-14 08:09:00+00:00,-73.955118,40.768941999999996,-73.963495,40.761887,2,0.5964829862592913,4,1,0,1
73,2012-05-21 15:20:00.000000170,10.1,2012-05-21 15:20:00+00:00,-73.977788,40.771838,-73.9662,40.778113,2,0.812569273030127,0,0,0,1
74,2014-12-08 16:00:01.000000100,16.5,2014-12-08 16:00:01+00:00,-73.9828,40.745287,-74.01425,40.702935,1,2.3266366568896335,0,1,0,1
75,2010-08-16 01:33:00.000000340,15.07,2010-08-16 01:33:00+00:00,-73.961933,40.795584999999996,-73.962253,40.764817,2,0.5902208344197876,0,0,0,0
76,2010-12-04 14:26:13.000000300,7.7,2010-12-04 14:26:13+00:00,-73.996601,40.736569,-73.982152,40.744322,1,1.0129647861666569,5,0,1,1
77,2011-08-12 04:20:00.000000150,24.9,2011-08-12 04:20:00+00:00,-74.006662,40.73121,-73.92594,40.825588,1,5.883003366341581,4,0,0,0
78,2013-02-06 22:16:00.000000280,7.0,2013-02-06 22:16:00+00:00,-73.988425,40.764342,-74.001642,40.745752,2,0.9831789224904175,2,0,0,0
79,2014-06-11 22:24:21.000000100,8.5,2014-06-11 22:24:21+00:00,-73.994128,40.735087,-73.986393,40.751461,1,0.6212352986763922,2,0,0,0
80,2010-08-19 16:33:00.000000131,5.7,2010-08-19 16:33:00+00:00,-73.97383,40.763717,-73.98942,40.771522,1,1.091445933382248,3,1,0,1
81,2013-03-10 15:44:00.000000400,5.0,2013-03-10 15:44:00+00:00,-74.01335999999999,40.702272,-74.01699,40.709245,1,0.2848261728420211,6,0,1,1
82,2013-06-14 08:27:43.000000100,8.5,2013-06-14 08:27:43+00:00,-73.95371,40.790813,-73.957015,40.777676,1,0.34059133609283665,4,1,0,1
83,2013-07-08 21:24:00.000000480,17.0,2013-07-08 21:24:00+00:00,-74.00972800000001,40.705166999999996,-73.970897,40.749307,1,2.822301356940278,0,0,0,0
84,2014-03-21 11:00:29.000000300,8.0,2014-03-21 11:00:29+00:00,-73.950688,40.828531,-73.964101,40.80814,1,1.0090241072832415,4,0,0,1
85,2014-10-02 13:39:56.000000400,12.0,2014-10-02 13:39:56+00:00,-73.995387,40.749482,-73.975789,40.748740999999995,1,1.3591964100702876,3,0,0,1
86,2011-08-31 08:21:47.000000400,12.5,2011-08-31 08:21:47+00:00,-73.917399,40.746485,-73.97375600000001,40.763836,1,3.9225019546562105,2,1,0,1
87,2014-05-19 06:26:00.000000340,7.5,2014-05-19 06:26:00+00:00,-73.990815,40.730495,-73.978337,40.751084999999996,1,0.9508899879656986,0,0,0,1
88,2012-04-05 05:50:00.000000190,6.9,2012-04-05 05:50:00+00:00,-74.00744300000001,40.732547,-73.991112,40.742312,5,1.1478534669878386,3,0,0,0
89,2015-03-04 14:55:40.000000600,5.0,2015-03-04 14:55:40+00:00,-73.9887466430664,40.74495315551758,-73.99568176269531,40.74422073364258,2,0.48115537136316855,2,0,0,1
90,2010-04-27 21:40:07.000000400,10.5,2010-04-27 21:40:07+00:00,-74.00113499999999,40.730979,-73.984424,40.76463,1,1.325758875366757,1,0,0,0
91,2011-02-22 11:09:16.000000400,7.7,2011-02-22 11:09:16+00:00,-73.96888100000001,40.764533,-73.985311,40.748956,1,1.1778283466546686,1,0,0,1
92,2015-04-03 16:21:30.000000500,11.0,2015-04-03 16:21:30+00:00,-73.9810562133789,40.77426528930664,-73.95904541015625,40.78067398071289,2,1.5313790690436024,4,1,0,1
93,2009-01-09 15:01:20.000000200,5.7,2009-01-09 15:01:20+00:00,-73.99282600000001,40.751271,-73.982786,40.742432,1,0.7165320793602209,4,0,0,1
94,2013-01-09 14:42:00.000000194,9.0,2013-01-09 14:42:00+00:00,-73.946852,40.775802,-73.96434,40.760703,1,1.2468765636624337,2,0,0,1
95,2013-07-06 17:18:00.000000119,13.5,2013-07-06 17:18:00+00:00,-73.950655,40.783282,-73.984365,40.769802,1,2.3520148102627205,5,1,1,1
96,2013-10-08 17:29:00.000000250,7.5,2013-10-08 17:29:00+00:00,-73.976512,40.765277000000005,-73.977672,40.778052,1,0.2575518863521241,1,1,0,1
97,2014-12-07 12:26:00.000000900,9.0,2014-12-07 12:26:00+00:00,-73.984977,40.752122,-74.000925,40.757982,1,1.1116642146860802,6,0,1,1
98,2015-05-17 08:02:59.000000200,14.0,2015-05-17 08:02:59+00:00,-73.97920989990234,40.72368240356445,-74.01746368408203,40.71139526367188,1,2.663294937462132,6,1,1,1
99,2011-06-09 00:53:00.000000660,5.7,2011-06-09 00:53:00+00:00,-73.983052,40.722588,-73.988022,40.733738,3,0.4054029295671723,3,0,0,0
100,2014-11-12 12:40:29.000000500,10.0,2014-11-12 12:40:29+00:00,-74.002581,40.739571999999995,-73.99458,40.760682,1,0.6862295922308469,2,0,0,1
101,2010-06-04 14:49:00.000000100,5.7,2010-06-04 14:49:00+00:00,-73.993452,40.761447,-73.979662,40.759617999999996,5,0.9569779277489331,4,0,0,1
102,2010-11-08 20:42:00.000000240,9.7,2010-11-08 20:42:00+00:00,-73.97070500000001,40.761643,-73.99283299999999,40.727647,2,1.6669145142169852,0,0,0,0
103,2011-03-09 07:24:34.000000400,14.1,2011-03-09 07:24:34+00:00,-73.974492,40.751369,-74.01058499999999,40.703364,1,2.666264024288096,2,1,0,1
104,2011-08-04 10:38:00.000000142,7.7,2011-08-04 10:38:00+00:00,-73.991607,40.76318,-73.982718,40.76239,2,0.6166381563795235,3,0,0,1
105,2009-03-25 00:08:52.000000100,52.0,2009-03-25 00:08:52+00:00,-74.035839,40.74732,-74.035839,40.74732,1,0.0,2,0,0,0
106,2010-03-22 10:01:00.000000760,11.3,2010-03-22 10:01:00+00:00,-74.00766999999999,40.732177,-73.974663,40.758932,1,2.345594187395585,0,0,0,1
107,2012-03-25 09:22:45.000000100,8.5,2012-03-25 09:22:45+00:00,-73.986681,40.725659,-73.977068,40.754504,1,0.8657065655047934,6,1,1,1
108,2012-06-05 09:16:00.000000217,12.9,2012-06-05 09:16:00+00:00,-73.965315,40.790852,-73.978195,40.766375,6,1.0088381213349447,1,1,0,1
109,2012-11-06 11:33:14.000000400,9.5,2012-11-06 11:33:14+00:00,-73.972195,40.765883,-73.96794200000001,40.761951,1,0.3044150236157895,1,0,0,1
110,2014-05-22 18:30:00.000000217,9.0,2014-05-22 18:30:00+00:00,-73.982272,40.748357,-73.969325,40.763877,1,0.9458026419168751,3,1,0,1
111,2014-10-17 08:28:00.000000870,10.0,2014-10-17 08:28:00+00:00,-73.99179699999999,40.735262,-73.975915,40.748697,6,1.1310492391926867,4,1,0,1
112,2012-12-06 18:05:00.000000201,35.0,2012-12-06 18:05:00+00:00,-73.95331,40.787772,-73.944352,40.719772,2,1.4449318942216332,3,1,0,1
113,2012-12-06 18:05:00.000000215,9.0,2012-12-06 18:05:00+00:00,-73.96083,40.77308,-73.978372,40.774907,1,1.2170404225017186,3,1,0,1
114,2014-07-20 12:48:35.000000100,17.0,2014-07-20 12:48:35+00:00,-73.97339000000001,40.743883000000004,-73.954021,40.766063,1,1.408910761761554,6,0,1,1
115,2009-01-25 18:41:00.000000193,6.1,2009-01-25 18:41:00+00:00,-74.00012199999999,40.74308,-74.00615,40.734233,5,0.4509744722792755,6,1,1,1
116,2010-03-27 02:26:39.000000100,14.5,2010-03-27 02:26:39+00:00,-73.961598,40.716487,-73.960417,40.674963,2,0.8002440008076946,5,0,1,0
117,2011-01-05 17:39:00.000000400,3.7,2011-01-05 17:39:00+00:00,-73.966957,40.761268,-73.967912,40.765535,1,0.10522600465587917,2,1,0,1
118,2012-05-11 15:03:53.000000100,32.5,2012-05-11 15:03:53+00:00,-73.872862,40.774105,-73.97059300000001,40.764393,2,6.780178759837911,4,0,0,1
119,2010-01-03 10:20:12.000000500,5.3,2010-01-03 10:20:12+00:00,-73.995083,40.739527,-73.999599,40.726264,3,0.4030489566459461,6,0,1,1
120,2012-11-08 21:00:00.000000400,11.5,2012-11-08 21:00:00+00:00,-73.972018,40.750142,-74.006008,40.73622,5,2.372219479390994,3,0,0,0
121,2013-11-23 23:34:03.000000300,4.0,2013-11-23 23:34:03+00:00,-73.993701,40.741569,-73.987999,40.748834,1,0.4191604337275883,5,0,1,0
122,2010-06-17 16:12:58.000000100,10.5,2010-06-17 16:12:58+00:00,-73.966473,40.7575,-73.993336,40.745051000000004,1,1.8781391986179097,3,1,0,1
123,2012-08-19 19:56:34.000000200,17.7,2012-08-19 19:56:34+00:00,-73.87082,40.773748,-73.808317,40.7003,1,4.56070465145805,6,1,1,0
124,2013-01-17 17:22:00.000000430,8.0,2013-01-17 17:22:00+00:00,0.0,0.0,0.0,0.0,2,0.0,3,1,0,1
125,2013-05-10 16:39:08.000000100,5.0,2013-05-10 16:39:08+00:00,-73.971696,40.763378,-73.962035,40.776598,1,0.7162892675857273,4,1,0,1
126,2013-09-17 04:22:00.000000600,19.0,2013-09-17 04:22:00+00:00,-73.98721,40.729325,-73.931985,40.697207,1,3.879034707104248,1,0,0,0
127,2014-01-06 21:21:00.000000500,8.0,2014-01-06 21:21:00+00:00,-73.98849200000001,40.717977000000005,-73.97818000000001,40.737407,1,0.8060965143679991,0,0,0,0
128,2010-09-30 08:38:00.000000210,7.3,2010-09-30 08:38:00+00:00,-73.986588,40.72165,-74.00800500000001,40.717166999999996,2,1.4877451962606352,3,1,0,1
129,2012-10-06 15:47:00.000000111,6.5,2012-10-06 15:47:00+00:00,-73.98213,40.774807,-73.97358299999999,40.789645,5,0.6573301185058409,5,0,1,1
130,2013-02-11 00:13:00.000000250,8.0,2013-02-11 00:13:00+00:00,-74.002843,40.733692,-73.987882,40.728590000000004,1,1.0421279830208077,0,0,0,0
131,2014-09-12 23:10:00.000000213,16.5,2014-09-12 23:10:00+00:00,-73.983837,40.676052,-74.002522,40.723145,1,1.5782866407061458,4,0,0,0
132,2009-09-22 21:14:00.000000225,49.57,2009-09-22 21:14:00+00:00,-73.977023,40.7526,-73.79030999999999,40.643783,2,13.116954232810189,1,0,0,0
133,2012-02-03 13:46:35.000000400,10.5,2012-02-03 13:46:35+00:00,-73.988006,40.737722999999995,-73.965699,40.766095,1,1.639648789845243,4,0,0,1
134,2012-02-12 01:26:00.000000159,22.5,2012-02-12 01:26:00+00:00,-73.9882,40.75909,-73.923683,40.86861,5,4.942646125718751,6,0,1,0
135,2012-12-21 06:47:00.000000930,11.5,2012-12-21 06:47:00+00:00,-73.94747199999999,40.771227,-73.981832,40.760272,1,2.3920961045291453,4,0,0,1
136,2014-11-01 16:51:09.000000100,12.5,2014-11-01 16:51:09+00:00,-73.984723,40.748022999999996,-73.977245,40.757891,2,0.5519476826372354,5,1,1,1
137,2013-01-26 18:36:00.000000167,5.5,2013-01-26 18:36:00+00:00,-73.950305,40.785607,-73.943587,40.789532,1,0.4719393892411861,5,1,1,1
138,2013-05-20 11:03:50.000000300,6.5,2013-05-20 11:03:50+00:00,-73.980735,40.747911,-73.97053000000001,40.761998,1,0.7574062159036221,0,0,0,1
139,2015-05-31 07:33:18.000000200,16.5,2015-05-31 07:33:18+00:00,-73.99698638916014,40.75542831420898,-73.95319366455078,40.802101135253906,3,3.1658687803179135,6,1,1,1
140,2015-02-15 22:41:32.000000300,9.0,2015-02-15 22:41:32+00:00,-74.00344848632812,40.73310089111328,-74.00800323486328,40.70721435546875,1,0.5871253385581867,6,0,1,0
141,2009-06-25 10:29:00.000000120,8.9,2009-06-25 10:29:00+00:00,-73.9578,40.768003,-73.981712,40.763391999999996,1,1.6606478906148858,3,0,0,1
142,2009-07-23 17:05:10.000000200,10.9,2009-07-23 17:05:10+00:00,-73.983735,40.746697,-73.954411,40.772219,1,2.091591619605011,3,1,0,1
143,2011-03-19 15:00:27.000000100,8.9,2011-03-19 15:00:27+00:00,-73.98103,40.729782,-73.993011,40.752803,1,0.9404903878604557,5,0,1,1
144,2011-05-06 11:37:14.000000400,8.5,2011-05-06 11:37:14+00:00,-73.963115,40.774034,-73.975251,40.760822999999995,1,0.8788750848744167,4,0,0,1
145,2013-02-08 09:50:04.000000100,17.0,2013-02-08 09:50:04+00:00,-73.962458,40.759027,-73.986199,40.753397,1,1.649966093469445,4,1,0,1
146,2010-08-24 01:39:26.000000100,12.5,2010-08-24 01:39:26+00:00,-74.003848,40.720855,-73.98098,40.668304,1,1.8778006842628143,1,0,0,0
147,2014-05-13 22:19:00.000000144,52.5,2014-05-13 22:19:00+00:00,-73.982265,40.762062,-73.76855,40.675135,1,14.915351149161557,1,0,0,0
148,2014-10-25 21:24:00.000000167,16.0,2014-10-25 21:24:00+00:00,-74.005677,40.745546999999995,-73.962663,40.794295,1,3.1255908198709292,5,0,1,0
149,2015-04-19 22:21:12.000000500,8.0,2015-04-19 22:21:12+00:00,-73.98548889160156,40.74728012084961,-74.00767517089844,40.74076843261719,1,1.5436552721598125,6,0,1,0
150,2010-05-17 07:44:00.000000960,17.3,2010-05-17 07:44:00+00:00,-73.950972,40.785633000000004,-74.01024,40.720302000000004,1,4.296383915219669,0,1,0,1
151,2011-10-26 03:37:00.000000400,5.7,2011-10-26 03:37:00+00:00,-74.00844000000001,40.711253,-74.001313,40.731078000000004,1,0.6228705356689959,2,0,0,0
152,2015-04-18 09:30:31.000000200,5.5,2015-04-18 09:30:31+00:00,-73.98091125488281,40.7420654296875,-73.97698974609375,40.75165557861328,1,0.32815765268072217,5,1,1,1
153,2009-02-27 13:31:21.000000300,16.5,2009-02-27 13:31:21+00:00,-73.974938,40.762091,-74.003309,40.706195,2,2.239533072060947,4,0,0,1
154,2009-07-16 20:33:00.000000126,12.9,2009-07-16 20:33:00+00:00,-73.980755,40.680558000000005,-73.98911,40.726788,2,1.0577819765891707,3,0,0,0
155,2011-05-16 13:10:38.000000200,10.1,2011-05-16 13:10:38+00:00,-73.99124499999999,40.739058,-73.992972,40.76768,1,0.5606094242252252,0,0,0,1
156,2013-08-09 21:19:00.000000240,9.5,2013-08-09 21:19:00+00:00,-73.992583,40.730416999999996,-74.005352,40.740247,1,0.9052711593556849,4,0,0,0
157,2010-03-14 15:40:00.000000120,4.5,2010-03-14 15:40:00+00:00,-73.979872,40.749027000000005,-73.97655300000001,40.757498,5,0.28159616177897845,6,0,1,1
158,2011-04-27 13:19:48.000000200,6.5,2011-04-27 13:19:48+00:00,-73.971541,40.764009,-73.975937,40.755971,1,0.34153962657004855,2,0,0,1
159,2015-01-30 00:16:06.000000500,21.5,2015-01-30 00:16:06+00:00,-74.0010986328125,40.72149658203125,-73.95943450927734,40.6530647277832,1,3.1726472317603336,4,0,0,0
160,2014-11-04 12:11:19.000000300,8.0,2014-11-04 12:11:19+00:00,-73.975189,40.759095,-73.98051,40.76761,1,0.4034372428524493,1,0,0,1
161,2009-12-27 21:07:39.000000100,4.9,2009-12-27 21:07:39+00:00,-74.00301800000001,40.739779999999996,-73.99153299999999,40.733090999999995,1,0.8066979708963294,6,0,1,0
162,2010-07-04 13:07:47.000000200,5.7,2010-07-04 13:07:47+00:00,-73.991037,40.750049,-73.980438,40.75193,2,0.7359225950252715,6,0,1,1
163,2011-06-12 13:33:00.000000128,15.3,2011-06-12 13:33:00+00:00,-73.949477,40.768018,-74.003118,40.733022,5,3.779905858013334,6,0,1,1
164,2012-08-28 12:29:40.000000200,14.9,2012-08-28 12:29:40+00:00,-73.992214,40.758864,-73.9938,40.722718,1,0.7002879935776717,1,0,0,1
165,2012-11-11 18:23:00.000000910,7.0,2012-11-11 18:23:00+00:00,-73.999998,40.727087,-73.992448,40.735602,1,0.5483456685075744,6,1,1,1
166,2013-03-24 18:05:42.000000200,35.5,2013-03-24 18:05:42+00:00,-73.86389100000001,40.770005,-74.007246,40.705533,1,10.018399609077028,6,1,1,1
167,2014-08-13 08:26:00.000000136,8.5,2014-08-13 08:26:00+00:00,-73.954598,40.78676,-73.966013,40.768112,1,0.86861351392649,2,1,0,1
168,2009-01-16 21:10:00.000000560,4.5,2009-01-16 21:10:00+00:00,-73.99414300000001,40.751193,-73.988897,40.759741999999996,1,0.3988967824936519,4,0,0,0
169,2011-01-21 18:43:46.000000700,4.1,2011-01-21 18:43:46+00:00,-73.982279,40.768364,-73.985968,40.762939,1,0.2761086834147006,4,1,0,1
170,2011-02-26 20:27:36.000000300,11.7,2011-02-26 20:27:36+00:00,-73.98149599999999,40.781003999999996,-73.99592,40.738813,1,1.2855415514253918,5,0,1,0
171,2013-06-22 02:35:01.000000400,23.0,2013-06-22 02:35:01+00:00,-73.99772800000001,40.746099,-73.94765600000001,40.829451,1,3.822027516588912,5,0,1,0
172,2009-06-06 23:56:00.000000150,5.7,2009-06-06 23:56:00+00:00,-73.982357,40.762498,-73.97321,40.755345,2,0.6489673754740787,5,0,1,0
173,2009-01-24 09:51:00.000000115,5.3,2009-01-24 09:51:00+00:00,-73.96706999999999,40.769178000000004,-73.954895,40.778209999999994,1,0.8619062120159893,5,1,1,1
174,2015-02-27 07:50:56.000000300,10.5,2015-02-27 07:50:56+00:00,-73.94402313232422,40.77595901489258,-73.95504760742188,40.78507995605469,1,0.7843125969359409,4,1,0,1
175,2009-03-25 14:48:49.000000400,4.9,2009-03-25 14:48:49+00:00,-73.982095,40.774001,-73.975373,40.787110999999996,1,0.5294758702797565,2,0,0,1
176,2010-09-10 18:45:00.000000170,6.5,2010-09-10 18:45:00+00:00,-73.98353,40.766992,-73.986255,40.779708,4,0.308166499580462,4,1,0,1
177,2011-08-31 13:47:02.000000300,11.3,2011-08-31 13:47:02+00:00,-73.981154,40.729203999999996,-74.007407,40.748509999999996,2,1.8577374685675716,2,0,0,1
178,2013-04-12 04:39:51.000000100,11.5,2013-04-12 04:39:51+00:00,-73.963511,40.761732,-73.917488,40.739776,1,3.2193872538139283,4,0,0,0
179,2009-05-29 09:46:11.000000200,5.3,2009-05-29 09:46:11+00:00,-73.98341500000001,40.761844,-73.990414,40.756375,2,0.4965406251195773,4,1,0,1
180,2010-07-15 19:09:01.000000200,5.7,2010-07-15 19:09:01+00:00,-74.006055,40.733166,-74.002895,40.74553,1,0.32235144005662325,3,1,0,0
181,2009-09-07 18:52:00.000000158,8.1,2009-09-07 18:52:00+00:00,-73.952198,40.788107000000004,-73.980767,40.774995000000004,1,1.9971296033453279,0,1,0,1
182,2010-06-09 06:20:32.000000100,6.1,2010-06-09 06:20:32+00:00,-74.008083,40.719238,-73.99831999999999,40.737977,1,0.766035466932189,2,0,0,1
183,2012-04-15 17:02:44.000000200,9.3,2012-04-15 17:02:44+00:00,-73.995636,40.746573,-73.984437,40.767145,1,0.8707322010092596,6,1,1,1
184,2013-02-06 14:52:00.000000129,4.5,2013-02-06 14:52:00+00:00,-73.972072,40.755691999999996,-73.972082,40.755727,2,0.0009646456546416981,2,0,0,1
185,2011-12-13 05:56:00.000000350,5.7,2011-12-13 05:56:00+00:00,-73.99049000000001,40.755982,-73.974202,40.75421,4,1.1300827380021738,1,0,0,0
186,2014-07-27 08:22:00.000000220,16.5,2014-07-27 08:22:00+00:00,-73.95485,40.76542,-74.00751,40.73877,2,3.68744894879607,6,1,1,1
187,2013-06-06 15:23:56.000000200,17.0,2013-06-06 15:23:56+00:00,-73.954462,40.764046,-73.99459300000001,40.729271999999995,2,2.8616842868944676,3,0,0,1
188,2014-07-12 15:22:00.000000580,24.5,2014-07-12 15:22:00+00:00,-74.01278,40.707952,-73.99793199999999,40.760632,6,1.4403958367042526,5,0,1,1
189,2010-05-25 20:14:00.000000130,6.1,2010-05-25 20:14:00+00:00,-74.005278,40.735298,-73.986698,40.729892,1,1.2926687107623849,1,0,0,0
190,2012-09-08 00:49:20.000000400,6.0,2012-09-08 00:49:20+00:00,-74.004935,40.729625,-74.01615600000001,40.71741,1,0.8124458911716841,5,0,1,0
191,2014-01-08 21:55:58.000000600,6.5,2014-01-08 21:55:58+00:00,-73.998488,40.726303,-73.998488,40.726303,1,0.0,2,0,0,0
192,2010-09-05 17:08:00.000000920,3.7,2010-09-05 17:08:00+00:00,0.0,0.0,0.0,0.0,5,0.0,6,1,1,1
193,2012-08-30 18:57:00.000000170,4.5,2012-08-30 18:57:00+00:00,-73.9265,40.765577,-73.93789699999999,40.764509999999994,3,0.7906442062496092,3,1,0,1
194,2013-05-02 07:41:00.000000890,27.0,2013-05-02 07:41:00+00:00,-73.987285,40.718621999999996,-73.959295,40.778482000000004,1,2.254508872198564,3,1,0,1
195,2014-02-05 00:28:00.000000780,16.0,2014-02-05 00:28:00+00:00,-73.996652,40.744495,-73.980253,40.737635,1,1.144825219909935,2,0,0,0
196,2010-01-12 17:11:00.000000320,16.1,2010-01-12 17:11:00+00:00,-73.959222,40.763282000000004,-73.9633,40.716935,1,0.9324119022219848,1,1,0,1
197,2010-11-07 17:14:23.000000100,15.7,2010-11-07 17:14:23+00:00,-73.97489499999999,40.751455,-73.98175400000001,40.783542,2,0.7770789563715081,6,1,1,1
198,2012-04-22 00:35:00.000000113,26.9,2012-04-22 00:35:00+00:00,-73.863072,40.768622,-73.98214499999999,40.736167,6,8.281185548514959,6,0,1,0
199,2013-01-05 21:36:00.000000198,5.5,2013-01-05 21:36:00+00:00,-73.989692,40.735496999999995,-73.982012,40.739391999999995,1,0.5378015528465317,5,0,1,0
200,2013-10-05 09:12:21.000000100,6.0,2013-10-05 09:12:21+00:00,-74.00031,40.747961,-73.993636,40.757228999999995,1,0.4956345990987278,5,1,1,1
201,2009-11-16 23:53:00.000000700,7.7,2009-11-16 23:53:00+00:00,-74.00145,40.717487,-74.017455,40.709785,1,1.119670692736432,0,0,0,0
202,2011-04-05 11:29:00.000000850,12.9,2011-04-05 11:29:00+00:00,-73.985185,40.72777,-73.98060500000001,40.759143,1,0.6794519670191945,1,0,0,1
203,2012-04-25 20:39:00.000000241,11.3,2012-04-25 20:39:00+00:00,-73.993973,40.746577,-74.00506,40.709365000000005,1,1.0477196664067308,2,0,0,0
204,2011-01-10 16:07:00.000000490,42.5,2011-01-10 16:07:00+00:00,-73.795677,40.807722,-73.97868299999999,40.724365,2,12.792461400384472,0,1,0,1
205,2011-01-14 18:10:00.000000129,5.7,2011-01-14 18:10:00+00:00,-73.98637,40.74738,-73.975567,40.744572,2,0.7511151260214598,4,1,0,1
206,2012-04-02 08:02:16.000000100,5.3,2012-04-02 08:02:16+00:00,-73.948001,40.77854,-73.958566,40.778483,2,0.7326819409979639,0,1,0,1
207,2010-02-10 08:57:54.000000100,10.5,2010-02-10 08:57:54+00:00,-73.95410799999999,40.766901000000004,-73.984133,40.743475,1,2.1300646647358255,2,1,0,1
208,2011-05-31 22:21:01.000000400,7.3,2011-05-31 22:21:01+00:00,-73.99400899999999,40.76144,-73.972811,40.792574,1,1.586320891993595,1,0,0,0
209,2011-09-26 09:32:42.000000200,4.5,2011-09-26 09:32:42+00:00,-73.99533100000001,40.739986,-73.987655,40.736707,1,0.5360163034662061,0,1,0,1
210,2012-10-23 08:09:25.000000600,12.5,2012-10-23 08:09:25+00:00,-73.982332,40.768633,-73.983343,40.744372,1,0.4697447487540117,1,1,0,1
211,2013-09-07 22:29:00.000000400,16.5,2013-09-07 22:29:00+00:00,-73.9952,40.731697,-73.94977,40.780347,1,3.285530782512659,5,0,1,0
212,2012-07-31 19:20:00.000000270,4.9,2012-07-31 19:20:00+00:00,-74.002707,40.72664,-73.991825,40.72722,2,0.7547496794603756,1,1,0,0
213,2011-08-26 08:00:00.000000125,4.1,2011-08-26 08:00:00+00:00,-73.990953,40.733067,-73.996235,40.725570000000005,1,0.39338975685910876,4,1,0,1
214,2013-03-17 12:56:58.000000300,15.5,2013-03-17 12:56:58+00:00,-73.985132,40.76853,-74.002285,40.730008000000005,1,1.3993805407899405,6,0,1,1
215,2015-05-25 15:11:09.000000600,11.0,2015-05-25 15:11:09+00:00,-73.97221374511719,40.76557159423828,-73.97958374023438,40.73646926879883,1,0.7562632555069737,0,0,0,1
216,2009-04-08 19:11:10.000000400,4.9,2009-04-08 19:11:10+00:00,-73.998287,40.72749,-73.98985400000001,40.735239,2,0.6033283869555528,2,1,0,0
217,2009-06-06 01:57:52.000000200,11.3,2009-06-06 01:57:52+00:00,-73.98019599999999,40.726966,-73.956413,40.77547,1,1.8932022591752908,5,0,1,0
218,2011-02-27 14:45:00.000000410,7.3,2011-02-27 14:45:00+00:00,-73.983758,40.74643,-73.963557,40.774088,1,1.4977761109241254,6,0,1,1
219,2012-01-13 11:28:00.000000620,14.9,2012-01-13 11:28:00+00:00,-73.955268,40.782767,-73.93238199999999,40.794812,6,1.6038832808079382,4,0,0,1
220,2012-03-16 07:58:00.000000120,30.9,2012-03-16 07:58:00+00:00,-73.981942,40.763977000000004,-73.870455,40.773607,5,7.733799707305338,4,1,0,1
221,2012-06-18 20:57:27.000000100,6.1,2012-06-18 20:57:27+00:00,-73.98971999999999,40.75238,-74.007553,40.743196999999995,1,1.2491313293241857,0,0,0,0
222,2010-02-23 09:49:00.000000560,3.3,2010-02-23 09:49:00+00:00,-73.995802,40.749905,-73.99454300000001,40.750907,1,0.08939131258848255,1,1,0,1
223,2012-01-06 07:05:08.000000200,4.1,2012-01-06 07:05:08+00:00,-73.991863,40.754275,-73.983796,40.753213,1,0.559816145028922,4,1,0,1
224,2014-07-21 14:03:00.000000870,12.0,2014-07-21 14:03:00+00:00,-73.973857,40.764185,-73.994435,40.750242,3,1.4518330154021026,0,0,0,1
225,2014-08-05 11:44:33.000000100,9.0,2014-08-05 11:44:33+00:00,-73.991485,40.754599,-74.00497,40.751692999999996,1,0.9368370087123753,1,0,0,1
226,2012-03-29 03:51:00.000000200,2.5,2012-03-29 03:51:00+00:00,-73.989142,40.720105,-73.988777,40.720662,1,0.027465814430840754,3,0,0,0
227,2012-06-30 13:43:00.000000130,8.9,2012-06-30 13:43:00+00:00,-73.98948,40.743287,-73.965692,40.754512,1,1.6636456758245683,5,0,1,1
228,2014-01-31 04:49:53.000000100,10.5,2014-01-31 04:49:53+00:00,-73.97899100000001,40.72375,-73.96304599999999,40.711855,1,1.1290250049085093,4,0,0,0
229,2010-11-16 19:40:00.000000860,5.7,2010-11-16 19:40:00+00:00,-74.000552,40.727492,-74.005037,40.719122999999996,1,0.34979051106336256,1,1,0,0
230,2012-12-15 19:11:53.000000200,7.0,2012-12-15 19:11:53+00:00,-74.002462,40.718762,-74.007071,40.705535999999995,2,0.4075703615854268,5,1,1,0
231,2014-07-20 23:51:54.000000300,12.0,2014-07-20 23:51:54+00:00,-73.98499699999999,40.768466,-73.944564,40.800466,1,2.8703169081491917,6,0,1,0
232,2010-05-24 14:24:00.000000210,49.57,2010-05-24 14:24:00+00:00,-73.982483,40.75674,-73.789985,40.64691,1,13.516129543390292,0,0,0,1
233,2011-07-24 01:14:35.000000200,8.5,2011-07-24 01:14:35+00:00,0.0,0.0,0.0,0.0,2,0.0,6,0,1,0
234,2012-08-18 18:33:00.000000530,4.5,2012-08-18 18:33:00+00:00,-73.947035,40.776027,-73.95549799999999,40.764307,1,0.628491318888631,5,1,1,1
235,2009-08-08 21:32:00.000000950,7.3,2009-08-08 21:32:00+00:00,-73.977897,40.762802,-73.99153000000001,40.750252,5,0.9754958375291319,5,0,1,0
236,2010-01-08 00:28:00.000000520,5.3,2010-01-08 00:28:00+00:00,-73.986402,40.754723,-73.998898,40.739247999999996,1,0.9157873412441893,4,0,0,0
237,2010-09-19 19:28:00.000000123,6.9,2010-09-19 19:28:00+00:00,-73.967425,40.755712,-73.983035,40.734913,5,1.153530723377872,6,1,1,0
238,2012-05-16 18:14:00.000000211,9.3,2012-05-16 18:14:00+00:00,-73.971088,40.792648,-73.968405,40.769673,1,0.47791954536828324,2,1,0,1
239,2009-02-13 16:54:52.000000600,6.7,2009-02-13 16:54:52+00:00,-73.95966899999999,40.779718,-73.976259,40.788413,1,1.1625178117590296,4,1,0,1
240,2009-06-20 19:28:37.000000500,7.3,2009-06-20 19:28:37+00:00,-73.979345,40.77663,-73.973842,40.757073999999996,1,0.5347231636092602,5,1,1,0
241,2013-09-03 08:08:00.000000110,9.0,2013-09-03 08:08:00+00:00,-73.98088,40.779967,-73.95374699999999,40.78777,1,1.8876039144962657,1,1,0,1
242,2013-01-20 14:33:27.000000100,13.0,2013-01-20 14:33:27+00:00,-74.008125,40.738935,-73.980522,40.759953,2,1.956049479960744,6,0,1,1
243,2013-07-31 06:51:13.000000100,19.0,2013-07-31 06:51:13+00:00,-73.988834,40.76428,-73.941405,40.838664,1,3.58486344271903,2,0,0,1
244,2013-09-09 22:12:59.000000400,5.5,2013-09-09 22:12:59+00:00,-73.976474,40.765048,-73.964665,40.762986,1,0.8199060275314605,0,0,0,0
245,2009-01-23 07:28:00.000000500,8.1,2009-01-23 07:28:00+00:00,-73.99606800000001,40.732605,-73.980675,40.761862,1,1.205448362638518,4,1,0,1
246,2011-02-18 13:19:49.000000300,9.3,2011-02-18 13:19:49+00:00,-73.97321099999999,40.760752000000004,-73.974265,40.788281,1,0.5323826846420899,4,0,0,1
247,2013-05-11 19:51:00.000000100,18.0,2013-05-11 19:51:00+00:00,-73.997845,40.721235,-73.98825699999999,40.764125,1,1.0562025558337982,5,1,1,0
248,2014-09-13 12:17:00.000000131,12.0,2014-09-13 12:17:00+00:00,-73.984227,40.766897,-73.96239,40.776037,1,1.524483396837025,5,0,1,1
249,2009-04-21 22:59:27.000000300,7.3,2009-04-21 22:59:27+00:00,-73.96853399999999,40.752603,-73.992625,40.742915999999994,1,1.6809763436732543,1,0,0,0
250,2009-09-26 15:17:20.000000300,4.9,2009-09-26 15:17:20+00:00,-73.95554,40.781958,-73.96219599999999,40.772095,2,0.498827101502091,5,0,1,1
251,2010-05-28 21:33:07.000000100,16.1,2010-05-28 21:33:07+00:00,-73.789506,40.647040000000004,-73.81562199999999,40.680364000000004,1,1.922534456177812,4,0,0,0
252,2011-05-02 08:20:11.000000200,12.9,2011-05-02 08:20:11+00:00,-73.978602,40.76412,-74.00885799999999,40.715637,2,2.29415158821677,0,1,0,1
253,2015-02-14 19:00:23.000000600,4.0,2015-02-14 19:00:23+00:00,-73.96197509765625,40.7761116027832,-73.95484924316406,40.77407455444336,1,0.49571822448359504,5,1,1,0
254,2011-05-02 12:44:59.000000800,15.3,2011-05-02 12:44:59+00:00,-74.006636,40.751407,-73.95497900000001,40.765281,1,3.592250490757005,0,0,0,1
255,2012-06-24 17:33:00.000000200,11.7,2012-06-24 17:33:00+00:00,-73.954497,40.769857,-73.98431500000001,40.746007,1,2.117770381422812,6,1,1,1
256,2010-05-22 23:29:57.000000300,25.3,2010-05-22 23:29:57+00:00,-74.001343,40.74132,-73.928619,40.864267,1,5.56673465886666,5,0,1,0
257,2010-06-30 02:22:05.000000100,8.9,2010-06-30 02:22:05+00:00,-73.993112,40.719910999999996,-73.95672900000001,40.720723,1,2.523208503776472,2,0,0,0
258,2013-04-26 02:06:00.000000970,6.0,2013-04-26 02:06:00+00:00,-73.978778,40.753502000000005,-73.973247,40.748146999999996,1,0.39705073006473246,4,0,0,0
259,2013-05-02 03:57:12.000000100,6.0,2013-05-02 03:57:12+00:00,-73.99578000000001,40.716218,-74.009132,40.72078,1,0.9300636720309593,3,0,0,0
260,2011-01-23 11:44:28.000000300,6.5,2011-01-23 11:44:28+00:00,-74.003665,40.736906,-73.997843,40.724187,1,0.47136681989526735,6,0,1,1
261,2012-10-14 21:06:27.000000300,7.5,2012-10-14 21:06:27+00:00,-73.97733000000001,40.74948,-73.987669,40.732709,1,0.7856227693439506,6,0,1,0
262,2015-04-30 14:07:57.000000200,16.5,2015-04-30 14:07:57+00:00,-74.00399017333984,40.74797821044922,-73.98319244384766,40.75632858276367,1,1.4511463644876499,3,0,0,1
263,2010-07-12 09:44:33.000000100,4.9,2010-07-12 09:44:33+00:00,-73.983249,40.734655,-73.99127800000001,40.738918,1,0.5627582718885172,0,1,0,1
264,2012-01-08 19:03:15.000000200,9.7,2012-01-08 19:03:15+00:00,-73.962981,40.766443,-73.98893000000001,40.731434,1,1.9204284664747737,6,1,1,0
265,2012-04-24 13:00:36.000000200,7.7,2012-04-24 13:00:36+00:00,-73.97935,40.784608,-73.963933,40.808145,1,1.1603694885483826,1,0,0,1
266,2014-05-09 09:42:16.000000100,19.0,2014-05-09 09:42:16+00:00,-73.968675,40.799103,-73.935898,40.849863,2,2.4728161918368965,4,1,0,1
267,2009-07-31 13:53:52.000000100,16.9,2009-07-31 13:53:52+00:00,-73.990057,40.756307,-73.94960400000001,40.834464000000004,1,3.180078855215593,4,0,0,1
268,2012-11-18 12:17:00.000000530,10.5,2012-11-18 12:17:00+00:00,-74.00219799999999,40.739608000000004,-73.987342,40.720295,2,1.0945158982139989,6,0,1,1
269,2011-06-15 18:07:00.000000186,8.9,2011-06-15 18:07:00+00:00,-73.99633,40.753225,-73.978895,40.766963,3,1.237378451769878,2,1,0,1
270,2012-08-25 01:53:42.000000500,7.5,2012-08-25 01:53:42+00:00,-73.995892,40.746454,-73.995892,40.746454,1,0.0,5,0,1,0
271,2012-09-06 13:41:00.000000112,5.5,2012-09-06 13:41:00+00:00,-74.005583,40.740728000000004,-74.003423,40.748705,1,0.2137790351742863,3,0,0,1
272,2009-05-13 18:17:00.000000153,10.9,2009-05-13 18:17:00+00:00,-73.964958,40.775261,-73.94966099999999,40.809689,1,1.24947853874007,2,1,0,1
273,2009-10-30 18:13:00.000000210,8.1,2009-10-30 18:13:00+00:00,0.0,0.0,0.0,0.0,4,0.0,4,1,0,1
274,2010-01-17 22:07:00.000000980,5.7,2010-01-17 22:07:00+00:00,-73.967598,40.756242,-73.953277,40.76833,1,1.0198387642699687,6,0,1,0
275,2009-12-06 11:58:29.000000100,18.1,2009-12-06 11:58:29+00:00,-74.008134,40.748631,-73.952349,40.780512,2,3.9165593402057777,6,0,1,1
276,2010-06-30 06:15:00.000000170,10.9,2010-06-30 06:15:00+00:00,-73.95394,40.781298,-73.994423,40.75014,5,2.870235013892353,2,0,0,1
277,2011-04-04 18:56:00.000000205,8.9,2011-04-04 18:56:00+00:00,-73.939093,40.805102000000005,-73.956073,40.771995000000004,5,1.3379556161948514,0,1,0,1
278,2014-03-03 23:30:00.000000720,13.5,2014-03-03 23:30:00+00:00,-73.981627,40.78042,-74.008465,40.734012,2,2.062130403386031,0,0,0,0
279,2014-05-19 20:59:26.000000200,5.0,2014-05-19 20:59:26+00:00,-74.00269,40.739438,-73.994579,40.75057,2,0.6014483889586504,0,0,0,0
280,2011-12-07 19:40:21.000000300,5.3,2011-12-07 19:40:21+00:00,-73.958749,40.781019,-73.945876,40.778165,1,0.894417270547077,2,1,0,0
281,2012-06-17 02:05:53.000000100,7.7,2012-06-17 02:05:53+00:00,-73.98779,40.721226,-73.992425,40.735723,1,0.42460259370946474,6,0,1,0
282,2013-01-01 14:26:00.000000162,9.0,2013-01-01 14:26:00+00:00,-73.969465,40.797979999999995,-73.982315,40.776767,1,0.9793993234702553,1,0,0,1
283,2011-10-08 00:24:00.000000173,16.1,2011-10-08 00:24:00+00:00,-73.988568,40.732096999999996,-73.957498,40.742657,1,2.164179057977513,5,0,1,0
284,2012-07-30 16:19:08.000000300,4.9,2012-07-30 16:19:08+00:00,-73.966597,40.794345,-73.965682,40.803808000000004,2,0.1921361639372611,0,1,0,1
285,2012-09-09 10:24:15.000000200,5.5,2012-09-09 10:24:15+00:00,-73.999432,40.749066,-73.995077,40.738264,1,0.36593740485418536,6,0,1,1
286,2013-06-14 17:37:00.000000370,57.33,2013-06-14 17:37:00+00:00,-73.781127,40.645007,-73.981802,40.762515,1,14.09956512334007,4,1,0,1
287,2014-02-28 22:45:07.000000500,8.5,2014-02-28 22:45:07+00:00,-73.95660600000001,40.771111,-73.977111,40.776811,3,1.426209684177754,4,0,0,0
288,2014-06-10 14:18:29.000000100,9.5,2014-06-10 14:18:29+00:00,-73.981932,40.777668,-73.96005799999999,40.809688,1,1.636312472070225,1,0,0,1
289,2015-03-29 13:31:25.000000200,7.5,2015-03-29 13:31:25+00:00,-73.9531021118164,40.78870010375977,-73.95677947998048,40.80590438842773,1,0.41700984782585526,6,0,1,1
290,2009-12-14 12:33:00.000000750,6.9,2009-12-14 12:33:00+00:00,-73.98243199999999,40.745746999999994,-73.98243199999999,40.745746999999994,1,0.0,0,0,0,1
291,2013-09-21 02:54:00.000000103,7.5,2013-09-21 02:54:00+00:00,-73.99199499999999,40.74499,-73.986237,40.729637,2,0.49576980562663026,5,0,1,0
292,2009-08-31 10:25:00.000000640,8.1,2009-08-31 10:25:00+00:00,-73.988988,40.777013000000004,-73.997445,40.760155,1,0.6693366835832997,0,0,0,1
293,2011-01-18 23:48:00.000000700,6.1,2011-01-18 23:48:00+00:00,-74.006642,40.738927000000004,-74.010828,40.717907000000004,3,0.4956985962841701,1,0,0,0
294,2012-06-26 13:08:14.000000100,5.7,2012-06-26 13:08:14+00:00,-73.966612,40.759278,-73.975773,40.755462,1,0.6395077975229889,1,0,0,1
295,2010-01-21 08:39:00.000000187,14.1,2010-01-21 08:39:00+00:00,-73.987365,40.738572,-73.97721800000001,40.775352000000005,1,0.9955217798439833,3,1,0,1
296,2011-07-21 15:43:00.000000117,5.7,2011-07-21 15:43:00+00:00,-73.989807,40.74123,-73.99391700000001,40.726492,1,0.4009612646092865,3,0,0,1
297,2013-11-06 11:26:54.000000200,7.0,2013-11-06 11:26:54+00:00,-73.95906,40.781061,-73.96206,40.768603999999996,1,0.3167291602217489,2,0,0,1
298,2014-02-09 02:17:00.000000560,12.0,2014-02-09 02:17:00+00:00,-73.985652,40.722120000000004,-73.970955,40.751952,1,1.168428852262305,6,0,1,0
299,2015-04-18 08:29:08.000000200,11.5,2015-04-18 08:29:08+00:00,-73.95511627197266,40.76898956298828,-73.98423767089844,40.74843978881836,1,2.0575929016646684,5,1,1,1
300,2010-03-27 22:20:51.000000400,12.1,2010-03-27 22:20:51+00:00,-73.870936,40.773703000000005,-73.91426899999999,40.753681,1,3.029735792619459,5,0,1,0
301,2010-06-15 13:31:08.000000200,26.67,2010-06-15 13:31:08+00:00,-73.958063,40.760414000000004,-73.86144300000001,40.768181,1,6.702219246039539,1,0,0,1
302,2010-09-13 09:37:00.000000128,4.5,2010-09-13 09:37:00+00:00,-73.98674,40.755362,-73.995713,40.764137,1,0.6445350717116608,0,1,0,1
303,2011-04-04 20:59:01.000000700,10.1,2011-04-04 20:59:01+00:00,-73.98455600000001,40.742882,-73.95908100000001,40.763551,1,1.8105229920540205,0,0,0,0
304,2011-05-08 10:43:27.000000100,7.7,2011-05-08 10:43:27+00:00,-73.98101899999999,40.781874,-73.98199699999999,40.756597,1,0.4887028739978754,6,0,1,1
305,2014-07-11 05:07:00.000000700,25.0,2014-07-11 05:07:00+00:00,-73.95166,40.772657,-74.010583,40.721405,2,4.202494143695554,4,0,0,0
306,2014-08-21 10:21:17.000000300,19.0,2014-08-21 10:21:17+00:00,-73.97402,40.762828000000006,-73.940839,40.726467,1,2.404404502398406,3,0,0,1
307,2013-10-31 11:49:16.000000200,14.0,2013-10-31 11:49:16+00:00,-73.98859399999999,40.753364000000005,-73.989319,40.723218,1,0.579124710293819,3,0,0,1
308,2013-11-15 01:51:35.000000200,5.0,2013-11-15 01:51:35+00:00,-73.987888,40.721047999999996,-73.983132,40.731187,1,0.3826943363916097,4,0,0,0
309,2015-05-10 22:41:10.000000100,43.5,2015-05-10 22:41:10+00:00,-73.98020935058595,40.78373336791992,-74.01134490966798,40.64415740966797,1,3.433931526084624,6,0,1,0
310,2015-06-20 09:50:28.000000200,8.0,2015-06-20 09:50:28+00:00,-74.01072692871094,40.71009063720703,-73.99810028076173,40.722900390625,1,0.9092683053483386,5,1,1,1
311,2009-03-13 17:43:18.000000300,8.7,2009-03-13 17:43:18+00:00,-73.97798399999999,40.754546000000005,-73.958947,40.779092999999996,4,1.401504233694746,4,1,0,1
312,2011-01-27 21:30:00.000000213,3.7,2011-01-27 21:30:00+00:00,-73.970892,40.755915,-73.966747,40.760517,1,0.30067699289477173,3,0,0,0
313,2011-11-24 01:58:25.000000100,20.5,2011-11-24 01:58:25+00:00,-73.965723,40.758641,-73.93782399999999,40.855636,1,2.684188411160778,3,0,0,0
314,2015-06-02 23:16:15.000000120,34.0,2015-06-02 23:16:15+00:00,-73.97489929199219,40.75109481811523,-73.9085464477539,40.88187789916992,0,5.241662487691955,1,0,0,0
315,2015-03-19 12:38:17.000000100,52.83,2015-03-19 12:38:17+00:00,-73.87305450439453,40.774085998535156,-73.98272705078125,40.7714958190918,1,7.60591883960117,3,0,0,1
316,2009-07-16 22:38:00.000000205,6.1,2009-07-16 22:38:00+00:00,-73.978945,40.767070000000004,-73.977897,40.783568,1,0.3241947340458974,3,0,0,0
317,2013-06-22 13:48:00.000000188,8.5,2013-06-22 13:48:00+00:00,-73.976877,40.759192,-73.991685,40.74981,1,1.0425231221031763,5,0,1,1
318,2014-03-10 19:50:51.000000100,20.0,2014-03-10 19:50:51+00:00,-73.89317700000001,40.790756,-73.892578,40.788483,1,0.06033321374010881,0,1,0,0
319,2010-05-28 08:18:34.000000400,10.5,2010-05-28 08:18:34+00:00,-73.985881,40.7383,-73.96499,40.775237,1,1.6123060051414562,4,1,0,1
320,2012-03-10 22:53:25.000000300,26.5,2012-03-10 22:53:25+00:00,-73.776747,40.645265,-73.81380300000001,40.709035,1,2.8510612814242133,5,0,1,0
321,2015-06-01 21:41:06.000000200,8.0,2015-06-01 21:41:06+00:00,-73.96178436279298,40.759578704833984,-73.97894287109375,40.772605895996094,4,1.2158374027561236,0,0,0,0
322,2009-01-26 00:44:42.000000100,10.6,2009-01-26 00:44:42+00:00,-73.994279,40.690409,-74.016739,40.709063,1,1.5979137260996528,0,0,0,0
323,2010-09-21 07:06:31.000000200,4.5,2010-09-21 07:06:31+00:00,-73.965372,40.759256,-73.97487,40.752373,1,0.6717581691762682,1,1,0,1
324,2011-03-09 22:21:25.000000100,9.7,2011-03-09 22:21:25+00:00,-73.977829,40.788979,-73.967935,40.760508,1,0.8765138027069388,2,0,0,0
325,2011-12-05 08:38:34.000000500,20.5,2011-12-05 08:38:34+00:00,-73.96861899999999,40.766432,-74.00855899999999,40.704591,1,3.01211006807278,0,1,0,1
326,2012-01-06 10:57:10.000000500,9.3,2012-01-06 10:57:10+00:00,-73.982229,40.731821999999994,-73.980239,40.760162,1,0.5599037674431606,4,0,0,1
327,2014-05-25 21:09:00.000000700,18.5,2014-05-25 21:09:00+00:00,-74.005385,40.707002,-73.992793,40.750741999999995,1,1.2093196261800638,6,0,1,0
328,2014-04-27 21:56:45.000000200,5.0,2014-04-27 21:56:45+00:00,-73.98275100000001,40.762738,-73.97835400000001,40.764564,2,0.30693002944370473,6,0,1,0
329,2009-08-03 08:19:45.000000200,34.0,2009-08-03 08:19:45+00:00,-73.863506,40.769985,-73.97582,40.765446000000004,1,7.789422525229492,0,1,0,1
330,2012-11-08 20:07:35.000000200,23.5,2012-11-08 20:07:35+00:00,-73.992028,40.75497,-73.912663,40.780157,1,5.525111313546482,3,0,0,0
331,2009-12-11 15:57:17.000000400,4.5,2009-12-11 15:57:17+00:00,-73.980909,40.774584999999995,-73.98136,40.779419,3,0.09769938285997523,4,0,0,1
332,2013-12-07 13:25:00.000000320,8.0,2013-12-07 13:25:00+00:00,-73.985217,40.742177000000005,-73.99998000000001,40.726917,1,1.0646372307851486,5,0,1,1
333,2010-02-27 20:13:00.000000225,26.5,2010-02-27 20:13:00+00:00,-73.977765,40.766177,-73.977982,40.766937,5,0.020935912720199564,5,0,1,0
334,2014-12-24 11:23:00.000000148,5.5,2014-12-24 11:23:00+00:00,-74.00482199999999,40.741812,-74.007312,40.733577000000004,2,0.2336791717854904,2,0,0,1
335,2009-03-23 20:24:00.000000500,6.1,2009-03-23 20:24:00+00:00,-73.98795,40.757852,-73.988227,40.749963,1,0.1522057685797909,0,0,0,0
336,2010-03-23 17:43:00.000000120,4.9,2010-03-23 17:43:00+00:00,-73.970442,40.764695,-73.961907,40.765392,4,0.5920523585722274,1,1,0,1
337,2010-01-26 14:55:00.000000790,5.3,2010-01-26 14:55:00+00:00,-73.993085,40.752002000000005,-73.980337,40.764829999999996,1,0.9175382968971777,1,0,0,1
338,2011-07-05 14:23:00.000000340,8.1,2011-07-05 14:23:00+00:00,-73.99096999999999,40.742158,-73.977728,40.726729999999996,1,0.9646580783618651,1,0,0,1
339,2013-04-01 00:04:15.000000200,20.33,2013-04-01 00:04:15+00:00,-73.994718,40.750306,-73.95051099999999,40.728566,1,3.0939135328967144,0,0,0,0
340,2013-06-28 20:24:00.000000224,4.5,2013-06-28 20:24:00+00:00,-73.955282,40.768865000000005,-73.949683,40.776472,1,0.41479831945831425,4,0,0,0
341,2014-05-12 12:11:28.000000100,7.0,2014-05-12 12:11:28+00:00,-74.002792,40.760515000000005,-74.00441500000001,40.741973,1,0.37198061513827985,0,0,0,1
342,2009-07-11 12:20:03.000000300,7.7,2009-07-11 12:20:03+00:00,-73.987145,40.722568,-74.005402,40.739583,1,1.307293801835657,5,0,1,1
343,2009-10-16 10:32:00.000000191,7.3,2009-10-16 10:32:00+00:00,-73.990575,40.746117,-74.003227,40.751447,1,0.883321729146996,4,0,0,1
344,2010-06-09 14:53:47.000000100,33.07,2010-06-09 14:53:47+00:00,-73.862764,40.769064,-73.984033,40.752842,2,8.415736986876805,2,0,0,1
345,2011-05-04 13:44:00.000000132,36.5,2011-05-04 13:44:00+00:00,-73.873068,40.774183,-73.978847,40.762062,5,7.339433512947428,2,0,0,1
346,2014-01-01 05:22:00.000000480,5.0,2014-01-01 05:22:00+00:00,-73.99436,40.72039,-73.98577,40.723040000000005,2,0.5978718823115069,2,0,0,0
347,2014-06-25 17:43:16.000000300,23.5,2014-06-25 17:43:16+00:00,-73.958585,40.775615,-74.00048000000001,40.737611,1,2.995173940027681,2,1,0,1
348,2012-05-09 15:26:00.000000390,6.1,2012-05-09 15:26:00+00:00,-73.97985,40.786315,-73.985068,40.774133,1,0.4305186681485399,2,0,0,1
349,2013-01-12 18:10:00.000000156,11.0,2013-01-12 18:10:00+00:00,-73.956597,40.777432,-73.980035,40.763175,1,1.6482228013350042,5,1,1,1
350,2014-09-05 15:23:00.000000124,6.0,2014-09-05 15:23:00+00:00,-73.96826,40.76514,-73.961115,40.774882,6,0.5295179458042603,4,0,0,1
351,2009-09-20 11:32:00.000000800,11.3,2009-09-20 11:32:00+00:00,-73.975868,40.790141999999996,-74.006695,40.751278000000006,5,2.263511302379043,6,0,1,1
352,2009-11-15 19:58:00.000000125,8.1,2009-11-15 19:58:00+00:00,-73.990397,40.75103,-73.981137,40.764718,1,0.6935763703232892,6,1,1,0
353,2010-03-28 22:32:44.000000300,8.9,2010-03-28 22:32:44+00:00,-74.000763,40.729744000000004,-73.974662,40.749159000000006,3,1.8478547012382878,6,0,1,0
354,2011-02-19 22:25:00.000000460,4.5,2011-02-19 22:25:00+00:00,-73.99784,40.68295,-73.980198,40.676842,1,1.2290456929689053,5,0,1,0
355,2013-01-31 19:38:05.000000600,11.0,2013-01-31 19:38:05+00:00,-73.978836,40.764745,-73.984774,40.745978,1,0.5465267644938158,3,1,0,0
356,2013-06-18 10:27:05.000000500,8.5,2013-06-18 10:27:05+00:00,-73.992108,40.764203,-73.973,40.762695,1,1.3254549749509819,1,0,0,1
357,2013-07-04 16:41:27.000000200,8.5,2013-07-04 16:41:27+00:00,0.0,0.0,0.0,0.0,1,0.0,3,1,0,1
358,2010-01-15 11:11:07.000000200,8.1,2010-01-15 11:11:07+00:00,-73.978916,40.78712,-73.957307,40.783588,1,1.5001105020437802,4,0,0,1
359,2010-09-19 15:17:00.000000450,6.9,2010-09-19 15:17:00+00:00,-73.996268,40.738123,-73.98238,40.73617,1,0.9638588562956614,6,0,1,1
360,2013-11-19 22:09:00.000000268,6.0,2013-11-19 22:09:00+00:00,-73.971462,40.761332,-73.980797,40.768002,1,0.6598666447521438,1,0,0,0
361,2009-04-27 20:28:39.000000500,5.3,2009-04-27 20:28:39+00:00,-73.988927,40.760222999999996,-73.991474,40.750591,1,0.25529459814316274,0,0,0,0
362,2011-11-27 00:57:39.000000100,6.1,2011-11-27 00:57:39+00:00,-73.980068,40.743103000000005,-73.99118100000001,40.750228,1,0.7826621693036395,6,0,1,0
363,2012-11-10 00:30:53.000000300,9.5,2012-11-10 00:30:53+00:00,-73.995776,40.748921,-73.96882099999999,40.764390999999996,2,1.8926494177338185,5,0,1,0
364,2013-12-18 09:15:00.000000217,11.5,2013-12-18 09:15:00+00:00,-73.97941,40.766107,-74.003015,40.750522,1,1.663952353036191,2,1,0,1
365,2015-03-14 09:23:41.000000300,17.0,2015-03-14 09:23:41+00:00,-74.01294708251955,40.705242156982415,-73.98070526123048,40.74221420288085,6,2.345157946236618,5,1,1,1
366,2009-07-30 14:44:00.000000235,5.3,2009-07-30 14:44:00+00:00,-73.978002,40.778607,-73.970662,40.788625,1,0.5439986685134761,3,0,0,1
367,2013-06-11 16:27:57.000000200,10.0,2013-06-11 16:27:57+00:00,-73.99588299999999,40.743784999999995,-73.990057,40.767137,1,0.6023931579211461,1,1,0,1
368,2014-12-08 01:00:16.000000100,15.5,2014-12-08 01:00:16+00:00,-73.957675,40.717887,-73.942583,40.686397,1,1.208447053513033,0,0,0,0
369,2010-06-11 17:41:38.000000100,6.9,2010-06-11 17:41:38+00:00,-73.977757,40.762991,-73.983801,40.779517999999996,1,0.52519574562804,4,1,0,1
370,2011-05-01 12:48:32.000000300,18.1,2011-05-01 12:48:32+00:00,-73.986592,40.761807,-74.01065899999999,40.704133,1,2.000651963844179,6,0,1,1
371,2015-05-21 09:23:05.000000100,15.5,2015-05-21 09:23:05+00:00,-73.9941177368164,40.75117874145508,-73.97511291503906,40.7564582824707,1,1.3218547246619516,3,1,0,1
372,2012-02-03 01:55:19.000000300,10.1,2012-02-03 01:55:19+00:00,-73.982334,40.722411,-73.964907,40.755644000000004,1,1.3659776353803759,4,0,0,0
373,2013-03-22 19:20:00.000000610,21.5,2013-03-22 19:20:00+00:00,-73.955235,40.773077,-74.00795500000001,40.71711,6,3.8099343426580705,4,1,0,0
374,2014-10-04 20:10:00.000000430,8.5,2014-10-04 20:10:00+00:00,-73.99413,40.76668,-73.98861,40.75705,1,0.42485528113502613,5,0,1,0
375,2012-08-12 16:22:52.000000100,7.3,2012-08-12 16:22:52+00:00,-73.988883,40.73405,-73.992385,40.724841999999995,1,0.3000524152832582,6,1,1,1
376,2014-05-29 05:57:22.000000100,2.5,2014-05-29 05:57:22+00:00,0.0,0.0,0.0,0.0,1,0.0,3,0,0,0
377,2014-09-16 15:12:19.000000600,8.5,2014-09-16 15:12:19+00:00,-73.958118,40.773086,-73.94694100000001,40.779994,1,0.7863662634437469,1,0,0,1
378,2010-07-25 09:56:00.000000540,6.1,2010-07-25 09:56:00+00:00,-73.970447,40.75779,-73.969687,40.769923,5,0.23836947573569928,6,1,1,1
379,2012-02-25 19:43:00.000000750,14.1,2012-02-25 19:43:00+00:00,-73.98109699999999,40.764483,-73.99185,40.722037,1,1.1028103452227584,5,1,1,0
380,2013-12-30 15:16:17.000000300,6.0,2013-12-30 15:16:17+00:00,-73.9742,40.762693,-73.979824,40.755547,1,0.4133398012341405,0,0,0,1
381,2014-12-05 13:59:54.000000200,8.5,2014-12-05 13:59:54+00:00,-73.958823,40.783588,-73.978697,40.777533,1,1.383135721717813,4,0,0,1
382,2015-05-04 09:36:13.000000200,8.0,2015-05-04 09:36:13+00:00,-73.98793029785155,40.72850036621094,-74.00728607177734,40.72747802734375,1,1.3424679493113074,0,1,0,1
383,2012-04-25 16:19:00.000000106,5.3,2012-04-25 16:19:00+00:00,-73.971913,40.75925,-73.962905,40.77216,1,0.6719081720838085,2,1,0,1
384,2014-01-06 19:24:29.000000600,10.5,2014-01-06 19:24:29+00:00,-73.978389,40.757757,-73.98044200000001,40.733626,1,0.48352662938889235,0,1,0,0
385,2015-02-20 07:12:52.000000800,5.5,2015-02-20 07:12:52+00:00,-73.97077941894531,40.75881576538085,-73.97015380859375,40.74894332885742,1,0.19406429402530975,4,1,0,1
386,2009-08-21 19:35:05.000000100,8.1,2009-08-21 19:35:05+00:00,-73.960853,40.761557,-73.97633499999999,40.748360999999996,1,1.1030492661909648,4,1,0,0
387,2012-11-15 08:39:00.000000950,13.0,2012-11-15 08:39:00+00:00,0.0,0.0,0.0,0.0,1,0.0,3,1,0,1
388,2014-04-29 09:51:15.000000700,8.5,2014-04-29 09:51:15+00:00,-73.99476,40.765584999999994,-73.996026,40.758697999999995,1,0.1583260351416085,1,1,0,1
389,2010-11-26 16:01:01.000000200,6.1,2010-11-26 16:01:01+00:00,-73.953316,40.767588,-73.97152700000001,40.757498999999996,1,1.277652945829691,4,1,0,1
390,2010-12-26 11:50:32.000000200,12.9,2010-12-26 11:50:32+00:00,-73.975224,40.765201,-73.998754,40.728,1,1.780392840130557,6,0,1,1
391,2014-02-01 21:06:00.000000940,10.0,2014-02-01 21:06:00+00:00,-73.979022,40.777667,-73.992172,40.721555,5,1.409022674640519,5,0,1,0
392,2014-07-08 20:16:00.000000155,8.5,2014-07-08 20:16:00+00:00,-74.00554699999999,40.745687,-74.011247,40.728733,6,0.5111650583502896,1,0,0,0
393,2010-04-15 18:13:00.000000970,4.9,2010-04-15 18:13:00+00:00,-73.954665,40.773395,-73.94686,40.776092999999996,1,0.5437440713290593,3,1,0,1
394,2012-09-26 13:14:47.000000300,6.0,2012-09-26 13:14:47+00:00,-73.964483,40.764431,-73.956576,40.779852000000005,1,0.6229684893515063,2,0,0,1
395,2014-01-10 08:16:07.000000200,5.0,2014-01-10 08:16:07+00:00,-73.98214,40.772705,-73.988691,40.774325,1,0.45536933442761557,4,1,0,1
396,2014-03-12 18:12:44.000000600,12.0,2014-03-12 18:12:44+00:00,-73.844904,40.736318,-73.844904,40.736318,1,0.0,2,1,0,1
397,2013-03-02 15:47:27.000000500,13.5,2013-03-02 15:47:27+00:00,-73.98265,40.753748,-74.00793,40.741921999999995,1,1.7677084719750644,5,0,1,1
398,2015-03-11 14:48:58.000000600,33.83,2015-03-11 14:48:58+00:00,-73.97330474853516,40.756385803222656,-73.87244415283203,40.77430725097656,1,7.003118412786984,2,0,0,1
399,2009-09-02 05:18:10.000000100,25.7,2009-09-02 05:18:10+00:00,-73.991729,40.760501,-73.861246,40.767619,1,9.049986326320976,2,0,0,0
400,2010-05-21 08:35:00.000000400,13.7,2010-05-21 08:35:00+00:00,-73.99212800000001,40.739535,-73.95814,40.768797,3,2.4227909384708313,4,1,0,1
401,2011-10-16 22:37:25.000000100,10.5,2011-10-16 22:37:25+00:00,-73.997265,40.719963,-73.994268,40.754212,1,0.6873666236583785,6,0,1,0
402,2012-03-07 11:26:12.000000800,5.7,2012-03-07 11:26:12+00:00,-73.95387099999999,40.766331,-73.96246500000001,40.774757,1,0.6175022267866919,2,0,0,1
403,2013-08-24 17:07:00.000000900,9.0,2013-08-24 17:07:00+00:00,-73.993372,40.736177000000005,-73.978277,40.75786,2,1.1261169885188669,5,1,1,1
404,2014-02-06 11:17:00.000000700,22.5,2014-02-06 11:17:00+00:00,-73.98071,40.782635,-74.00204000000001,40.719425,1,1.9107950285019435,3,0,0,1
405,2014-02-06 11:17:00.000000890,7.5,2014-02-06 11:17:00+00:00,-73.954463,40.769887,-73.96162700000001,40.77936,1,0.5289842193157286,3,0,0,1
406,2011-04-20 18:51:56.000000400,14.1,2011-04-20 18:51:56+00:00,-73.992131,40.724066,-73.98057,40.762877,1,1.0930208724176165,2,1,0,1
407,2012-05-03 21:28:00.000000148,9.3,2012-05-03 21:28:00+00:00,-73.97210799999999,40.759308000000004,-73.999263,40.761322,1,1.883595350617936,3,0,0,0
408,2014-02-22 18:41:34.000000100,4.0,2014-02-22 18:41:34+00:00,-73.99036600000001,40.757343,-73.985373,40.760604,1,0.3518449021546982,5,1,1,1
409,2014-10-03 16:31:00.000000650,5.5,2014-10-03 16:31:00+00:00,-73.99223,40.725887,-73.993782,40.735277,1,0.20943549507336937,4,1,0,1
410,2009-05-18 12:30:00.000000710,9.3,2009-05-18 12:30:00+00:00,-73.975782,40.74727,-73.96611,40.762933000000004,1,0.7348214504841002,0,0,0,1
411,2010-06-26 09:59:00.000000520,7.3,2010-06-26 09:59:00+00:00,-73.999627,40.743547,-73.98926999999999,40.756862,2,0.7620945957966488,5,1,1,1
412,2013-06-20 12:36:08.000000100,4.5,2013-06-20 12:36:08+00:00,-73.988446,40.770843,-73.985985,40.777708000000004,1,0.21539181674322908,3,0,0,1
413,2013-09-12 11:32:00.000000590,13.0,2013-09-12 11:32:00+00:00,-73.98206,40.772705,-73.956213,40.771777,1,1.7925763313707679,3,0,0,1
414,2010-04-10 16:56:00.000000115,5.7,2010-04-10 16:56:00+00:00,-73.966422,40.767587,-73.973363,40.75827,2,0.5133943149089664,5,1,1,1
415,2014-11-15 13:12:56.000000400,8.0,2014-11-15 13:12:56+00:00,-74.005382,40.749044,-73.99412,40.761185,1,0.8148084730197365,5,0,1,1
416,2015-05-20 20:29:35.000000400,20.5,2015-05-20 20:29:35+00:00,-74.0115966796875,40.70290756225585,-73.97222900390625,40.763145446777344,2,2.963493182005465,2,0,0,0
417,2011-10-16 11:37:46.000000700,9.3,2011-10-16 11:37:46+00:00,-73.9927,40.7372,-73.9683,40.7624,1,1.7595947106654335,6,0,1,1
418,2011-10-21 08:18:49.000000200,8.5,2011-10-21 08:18:49+00:00,-73.990387,40.73118,-74.0021,40.70805,2,0.9249901006241672,4,1,0,1
419,2012-03-24 22:13:00.000000740,8.1,2012-03-24 22:13:00+00:00,-73.990138,40.740232,-73.99523,40.718407,1,0.5468883668631417,5,0,1,0
420,2013-12-09 09:16:00.000000830,5.0,2013-12-09 09:16:00+00:00,-73.98061700000001,40.74487,-73.98711,40.749577,5,0.45921775060204073,0,1,0,1
421,2009-01-16 05:58:00.000000310,5.3,2009-01-16 05:58:00+00:00,-73.99201,40.755538,-73.99795999999999,40.755995,5,0.4127258079999801,4,0,0,0
422,2010-04-21 13:39:00.000000112,5.3,2010-04-21 13:39:00+00:00,-73.988323,40.722913,-74.002315,40.729572,1,0.9786734030231509,2,0,0,1
423,2011-07-01 08:24:00.000000121,6.9,2011-07-01 08:24:00+00:00,-73.982628,40.771032,-73.984127,40.748062,2,0.45187224141555704,4,1,0,1
424,2014-10-21 07:04:06.000000300,8.5,2014-10-21 07:04:06+00:00,-73.948403,40.782579999999996,-73.968905,40.787675,1,1.4251632467339503,1,1,0,1
425,2012-07-02 08:43:33.000000300,6.5,2012-07-02 08:43:33+00:00,-73.975256,40.756147,-73.960543,40.775509,1,1.0857099703495696,0,1,0,1
426,2012-09-15 02:17:00.000000750,29.0,2012-09-15 02:17:00+00:00,-74.00324,40.733577000000004,-73.94855,40.723341999999995,1,3.7978138934474717,5,0,1,0
427,2014-01-29 22:41:00.000000131,21.0,2014-01-29 22:41:00+00:00,-73.978553,40.766717,-74.016195,40.711052,6,2.8192811037637084,2,0,0,0
428,2009-01-02 10:13:46.000000100,14.5,2009-01-02 10:13:46+00:00,-73.94704300000001,40.780107,-73.989034,40.751587,2,2.9629120890828937,4,0,0,1
429,2009-09-12 10:56:00.000000121,32.9,2009-09-12 10:56:00+00:00,-73.982762,40.769003000000005,-73.87262,40.774533,1,7.639051039832418,5,0,1,1
430,2011-05-17 07:53:19.000000400,6.1,2011-05-17 07:53:19+00:00,-73.97829200000001,40.782962,-73.961085,40.806684000000004,1,1.276937812136697,1,1,0,1
431,2013-11-07 10:19:35.000000100,13.0,2013-11-07 10:19:35+00:00,-73.985802,40.777477000000005,-73.987414,40.754369,1,0.45621596522328806,3,0,0,1
432,2014-07-11 12:24:43.000000400,15.0,2014-07-11 12:24:43+00:00,-73.9942,40.751005,-73.97559,40.759188,1,1.3000760802843796,4,0,0,1
433,2010-02-03 14:33:29.000000100,4.9,2010-02-03 14:33:29+00:00,-73.968848,40.759128999999994,-73.976118,40.765747,1,0.5198707832865204,2,0,0,1
434,2010-11-11 21:18:00.000000790,8.9,2010-11-11 21:18:00+00:00,-73.981872,40.760252,-74.00223199999999,40.740567,5,1.4613448235716897,3,0,0,0
435,2012-04-05 20:19:03.000000100,8.1,2012-04-05 20:19:03+00:00,-73.993127,40.736777000000004,-74.010699,40.720116,1,1.2595828826741857,3,0,0,0
436,2013-04-30 16:25:36.000000100,6.0,2013-04-30 16:25:36+00:00,-73.986575,40.75505,-73.980971,40.765857000000004,1,0.4402761351638398,1,1,0,1
437,2014-05-12 23:31:00.000000420,57.33,2014-05-12 23:31:00+00:00,-73.79025,40.643705,-74.00227,40.734542,1,14.807039620379218,0,0,0,0
438,2014-05-20 13:15:00.000000187,8.0,2014-05-20 13:15:00+00:00,-73.974292,40.793455,-73.978205,40.778271999999994,1,0.3977482408471004,1,0,0,1
439,2009-11-28 17:12:00.000000140,8.5,2009-11-28 17:12:00+00:00,-73.959937,40.780397,-73.974948,40.798193,1,1.0954476633648207,5,1,1,1
440,2010-01-31 15:21:08.000000200,8.9,2010-01-31 15:21:08+00:00,-73.976061,40.758179999999996,-73.948436,40.78255,1,1.9719248733426178,6,0,1,1
441,2010-08-06 09:29:00.000000182,10.5,2010-08-06 09:29:00+00:00,-73.96500999999999,40.769925,-73.968125,40.778048,5,0.2662708175252412,4,1,0,1
442,2010-09-08 15:14:00.000000164,10.1,2010-09-08 15:14:00+00:00,-74.010347,40.720153,-73.99492,40.769032,2,1.4206434620210604,2,0,0,1
443,2011-11-15 13:07:50.000000600,49.8,2011-11-15 13:07:50+00:00,-73.983851,40.761851,-73.783129,40.643785,3,14.104469227249442,1,0,0,1
444,2015-02-01 17:24:59.000000400,5.0,2015-02-01 17:24:59+00:00,-73.98371124267578,40.74961853027344,-73.99261474609375,40.74286651611328,1,0.6308365761612145,6,1,1,1
445,2015-02-16 17:12:44.000000500,6.0,2015-02-16 17:12:44+00:00,-73.9576187133789,40.76677322387695,-73.95582580566406,40.77876663208008,1,0.26144069594399477,0,1,0,1
446,2010-02-26 23:56:00.000000182,13.3,2010-02-26 23:56:00+00:00,-73.99771,40.756485,-73.98751800000001,40.721337,1,0.9756376114263616,4,0,0,0
447,2015-04-09 07:20:46.000000900,7.0,2015-04-09 07:20:46+00:00,-73.9783477783203,40.76491165161133,-73.98352813720702,40.76810836791992,1,0.36443499607717345,3,1,0,1
448,2012-03-28 13:09:20.000000300,10.5,2012-03-28 13:09:20+00:00,-73.99973299999999,40.73322,-73.985659,40.759156,2,1.094946901572679,2,0,0,1
449,2012-12-21 13:10:00.000000640,56.8,2012-12-21 13:10:00+00:00,-73.978817,40.761517,-73.78925500000001,40.642677,1,13.343776162523852,4,0,0,1
450,2013-12-04 18:13:00.000000173,14.5,2013-12-04 18:13:00+00:00,-73.984045,40.748432,-74.00975799999999,40.722695,1,1.8499137071950809,2,1,0,1
451,2010-11-25 22:54:00.000000170,11.3,2010-11-25 22:54:00+00:00,-74.005448,40.725823,-74.005942,40.725048,2,0.037325871775052366,3,0,0,0
452,2011-01-14 17:22:12.000000400,6.5,2011-01-14 17:22:12+00:00,-73.970799,40.751642,-73.980333,40.748303,1,0.664268661835212,4,1,0,1
453,2011-06-02 14:04:00.000000194,5.7,2011-06-02 14:04:00+00:00,-73.99171,40.731902000000005,-73.97907,40.745213,1,0.9128664784483486,3,0,0,1
454,2013-05-02 01:22:00.000000500,13.0,2013-05-02 01:22:00+00:00,-73.961407,40.716362,-73.994242,40.694846999999996,1,2.314085416757562,3,0,0,0
455,2014-07-03 01:34:00.000000410,22.0,2014-07-03 01:34:00+00:00,-73.968087,40.755140000000004,-73.95262199999999,40.823312,5,1.690672363517178,3,0,0,0
456,2011-11-10 00:09:07.000000300,18.5,2011-11-10 00:09:07+00:00,-73.980992,40.744531,-73.94847800000001,40.778086,1,2.344766145668761,3,0,0,0
457,2012-06-17 18:08:12.000000500,14.1,2012-06-17 18:08:12+00:00,-73.957312,40.776963,-73.990408,40.751271,2,2.3473781734085883,6,1,1,1
458,2010-01-09 21:28:55.000000300,4.5,2010-01-09 21:28:55+00:00,-73.952804,40.782491,-73.961038,40.774978000000004,2,0.588919594016844,5,0,1,0
459,2014-07-20 11:49:33.000000300,24.0,2014-07-20 11:49:33+00:00,-73.874483,40.774095,-73.967098,40.711603000000004,1,6.534126118800169,6,0,1,1
460,2010-01-16 13:58:13.000000300,25.7,2010-01-16 13:58:13+00:00,-73.979952,40.726656,-73.951914,40.813041,1,2.5537620521706996,5,0,1,1
461,2011-08-30 10:09:03.000000400,3.3,2011-08-30 10:09:03+00:00,-73.998082,40.741128,-73.993909,40.739391999999995,1,0.2912972977903922,1,0,0,1
462,2012-03-26 05:47:15.000000100,8.5,2012-03-26 05:47:15+00:00,-73.954353,40.779059000000004,-73.985525,40.755313,1,2.209136679710976,0,0,0,0
463,2010-07-31 22:00:38.000000300,5.3,2010-07-31 22:00:38+00:00,-74.003192,40.732796,-73.999881,40.719227000000004,1,0.34649376090009737,5,0,1,0
464,2011-06-12 01:48:00.000000195,4.5,2011-06-12 01:48:00+00:00,-73.982442,40.742135,-73.99249499999999,40.738278,1,0.7010737863123707,6,0,1,0
465,2009-01-11 22:50:00.000000460,3.7,2009-01-11 22:50:00+00:00,-73.987127,40.733377000000004,-73.98135500000001,40.74125,2,0.42772266216926447,6,0,1,0
466,2011-07-26 11:56:41.000000500,8.1,2011-07-26 11:56:41+00:00,-73.976809,40.775044,-73.96797600000001,40.762807,1,0.655893970579031,1,0,0,1
467,2010-08-03 14:58:00.000000183,16.1,2010-08-03 14:58:00+00:00,-74.00461,40.716322,-74.003732,40.658428,2,1.1086313197108408,1,0,0,1
468,2011-05-22 00:30:32.000000200,12.9,2011-05-22 00:30:32+00:00,-73.97974599999999,40.781009000000005,-73.980523,40.738271999999995,1,0.8201169560829827,6,0,1,0
469,2011-08-20 13:40:33.000000200,8.1,2011-08-20 13:40:33+00:00,-73.989393,40.726380999999996,-73.997417,40.714365,2,0.6020866260256756,5,0,1,1
470,2013-03-14 11:13:00.000000175,9.5,2013-03-14 11:13:00+00:00,-73.957788,40.781995,-73.96262,40.764742,1,0.47084825374927775,3,0,0,1
471,2014-09-02 00:02:00.000000460,23.5,2014-09-02 00:02:00+00:00,-73.94414499999999,40.702737,-73.913985,40.778459999999995,2,2.5475912995436074,1,0,0,0
472,2009-02-22 22:48:00.000000130,2.5,2009-02-22 22:48:00+00:00,0.0,0.0,-74.005433,40.726684999999996,2,5378.979824309907,6,0,1,0
473,2009-03-28 20:05:13.000000200,11.0,2009-03-28 20:05:13+00:00,-73.95822,40.768716999999995,-73.98931400000001,40.739968,1,2.225579781499179,5,0,1,0
474,2011-10-10 18:31:34.000000200,6.1,2011-10-10 18:31:34+00:00,-73.984847,40.761632,-73.965846,40.754548,2,1.3246866129369483,0,1,0,1
475,2014-07-13 11:15:00.000000127,28.0,2014-07-13 11:15:00+00:00,-73.87093,40.773787,-73.966003,40.755425,1,6.602714967510878,6,0,1,1
476,2014-07-23 08:42:00.000000175,10.0,2014-07-23 08:42:00+00:00,-73.99276,40.751162,-73.98098,40.752827,1,0.8175651267951556,2,1,0,1
477,2009-04-03 11:58:00.000000170,10.1,2009-04-03 11:58:00+00:00,-73.987997,40.737871999999996,-73.98858299999999,40.757525,1,0.37832590373459857,4,0,0,1
478,2011-04-30 04:15:00.000000350,7.7,2011-04-30 04:15:00+00:00,-73.982377,40.739743,-73.959688,40.758598,5,1.6144161380992594,5,0,1,0
479,2014-03-26 22:46:23.000000400,8.0,2014-03-26 22:46:23+00:00,-73.976248,40.760884999999995,-73.991236,40.750376,1,1.0587099083493818,2,0,0,0
480,2009-07-16 18:04:00.000000157,6.1,2009-07-16 18:04:00+00:00,-73.95343199999999,40.766765,-73.968447,40.7649,1,1.0419023161373193,3,1,0,1
481,2012-09-13 11:31:00.000000131,20.5,2012-09-13 11:31:00+00:00,-73.98646,40.751527,-73.95373199999999,40.787725,1,2.373287020199565,3,0,0,1
482,2013-11-19 10:38:00.000000610,9.5,2013-11-19 10:38:00+00:00,-74.003197,40.744075,-74.00067,40.726062,1,0.38647983850898426,1,0,0,1
483,2014-02-14 05:55:36.000000100,7.0,2014-02-14 05:55:36+00:00,-73.95893000000001,40.763626,-73.973753,40.759813,1,1.0305680034997677,4,0,0,0
484,2011-07-13 07:32:00.000000136,8.5,2011-07-13 07:32:00+00:00,-73.98732,40.738957,-74.004458,40.707322,1,1.333726982443697,2,1,0,1
485,2014-05-30 21:44:34.000000100,7.5,2014-05-30 21:44:34+00:00,-73.964127,40.792640999999996,-73.979984,40.782037,2,1.1182893508822072,4,0,0,0
486,2015-06-22 19:04:41.000000300,11.5,2015-06-22 19:04:41+00:00,-73.95744323730467,40.76170349121094,-73.97323608398438,40.78707885742188,1,1.1983553826294375,0,1,0,0
487,2010-04-29 08:27:00.000000108,7.7,2010-04-29 08:27:00+00:00,-73.998418,40.735471999999994,-74.01432,40.713072,1,1.1830352365101153,3,1,0,1
488,2011-12-14 20:47:00.000000137,6.1,2011-12-14 20:47:00+00:00,-73.978192,40.745775,-73.975422,40.73007,2,0.3568957965137002,2,0,0,0
489,2012-09-02 23:09:00.000000160,38.5,2012-09-02 23:09:00+00:00,-73.977473,40.746538,-73.851405,40.689473,2,8.811325793771152,6,0,1,0
490,2015-05-28 11:56:51.000000200,11.5,2015-05-28 11:56:51+00:00,-73.9819564819336,40.767921447753906,-73.97608947753906,40.795188903808594,2,0.6619691452886822,3,0,0,1
491,2012-09-24 23:07:15.000000200,6.0,2012-09-24 23:07:15+00:00,-73.980914,40.779513,-73.970524,40.796703,1,0.79220712956711,0,0,0,0
492,2013-05-02 18:59:25.000000200,17.0,2013-05-02 18:59:25+00:00,-74.016361,40.712852000000005,-73.984364,40.729531,1,2.241806681061202,3,1,0,1
493,2014-08-15 21:24:00.000000218,7.5,2014-08-15 21:24:00+00:00,-73.988477,40.739202,-74.001812,40.740582,1,0.9251605881292578,4,0,0,0
494,2015-05-16 11:33:57.000000400,5.5,2015-05-16 11:33:57+00:00,-73.97361755371094,40.78464126586913,-73.97045135498048,40.796119689941406,1,0.3107574696022222,5,0,1,1
495,2011-03-20 17:25:00.000000108,6.9,2011-03-20 17:25:00+00:00,-73.979605,40.752025,-73.993742,40.756685,1,0.984450964984882,6,1,1,1
496,2013-02-15 12:13:00.000000185,3.0,2013-02-15 12:13:00+00:00,-73.994313,40.735362,-73.997212,40.73681,1,0.20294535109896952,4,0,0,1
497,2014-03-03 19:03:42.000000500,12.5,2014-03-03 19:03:42+00:00,-73.99888100000001,40.734511,-73.97134100000001,40.760929,1,1.9757179520024977,0,1,0,0
498,2009-03-16 04:47:17.000000100,17.0,2009-03-16 04:47:17+00:00,0.0,0.0,0.0,0.0,1,0.0,0,0,0,0
499,2012-11-30 11:02:00.000000111,38.8,2012-11-30 11:02:00+00:00,-73.97462,40.756921999999996,-73.864002,40.767872,1,7.674202916939443,4,0,0,1
